{"cameraMode":{"drawMode":0,"name":"Shaded","section":"Shading Mode"},"sceneLighting":true,"audioPlay":false,"sceneViewState":{"showFog":true,"showMaterialUpdate":false,"showSkybox":true,"showFlares":true,"showImageEffects":true,"showParticleSystems":true},"in2DMode":false,"pivot":{"x":-5.723530292510986,"y":-0.7460886240005493,"z":4.592895984649658},"rotation":{"x":0.1054130271077156,"y":-0.42663055658340456,"z":0.05015299469232559,"w":0.8968892097473145},"size":4.1992082595825199,"orthographic":false}