{"cameraMode":{"drawMode":0,"name":"Shaded","section":"Shading Mode"},"sceneLighting":false,"audioPlay":false,"sceneViewState":{"showFog":true,"showMaterialUpdate":false,"showSkybox":false,"showFlares":true,"showImageEffects":true,"showParticleSystems":true},"in2DMode":false,"pivot":{"x":-0.22836770117282868,"y":1.4734822511672974,"z":0.3825150728225708},"rotation":{"x":0.37525463104248049,"y":-0.06944413483142853,"z":0.02822745591402054,"w":0.9239054322242737},"size":0.10091971606016159,"orthographic":false}